{"id":"astrapol","min_time":40000,"laps":10,"x1":1335.371250573907,"y1":85.0,"z1":-8899.699999988079,"x2":1335.5245055766613,"y2":85.0,"z2":-8893.300000011921,"players":[]}