{"id":"brimstone","min_time":60000,"laps":10,"x1":-7316.681122084364,"y1":152.0,"z1":838.3000000119209,"x2":-7316.581946261093,"y2":152.0,"z2":846.6999999880791,"players":[]}