{"id":"whitestone","min_time":20000,"laps":10,"x1":-268.30000001192093,"y1":63.0,"z1":5823.477963508187,"x2":-281.69999998807907,"y2":63.0,"z2":5823.695724557047,"players":[]}